author,text,toxicity,severe_toxicity,obscene,threat,insult,identity_attack
t2_9sdpg,Unfortunately that kid is probably going to go back with a gun or knife and kill that poor guy for making him look stupid...,0.9525076151,0.0995116532,0.121424377,0.8500239253,0.2664111257,0.06553936
t2_2t7vebsa,i'm gonna kick your son in the ribs.,0.8919613957,0.0740082934,0.0959217921,0.8500483036,0.1193128005,0.0389649794
t2_42xfitqq,Lots of people should die.,0.9338967204,0.0992949083,0.0765985176,0.850079298,0.1527543217,0.1202456281
t2_4aqeh1qj,"You‚Äôre just mad that oppressed peoples are standing up for themselves, and tbh I hope you die mad about it.",0.9538164735,0.1179934815,0.0963729694,0.8501178622,0.3163053691,0.1956312954
t2_25z2n57,Death to British rule üá®üá≥üá®üá≥üá®üá≥,0.9107781053,0.1121624261,0.0647563487,0.850122869,0.1109618321,0.186661467
t2_ipvsy,You shoot me and then I'll shoot you,0.8920782804,0.1104988083,0.0833390802,0.8501447439,0.1017484888,0.0446923412
t2_3q6kkcbe,Its these kind of people that deserve to be shot,0.9129226804,0.0861208811,0.0649769232,0.8501758575,0.1337710619,0.1556405872
t2_3q2if1nv,Commies are going to commie. These people hate you and want you to die.,0.9717296958,0.1336221695,0.1817282289,0.8502879739,0.3924191594,0.0889459476
t2_1zx9ws4c,And then he rapes you,0.9738369584,0.1719540954,0.2204817683,0.8503084183,0.3064814806,0.0873727426
t2_zw9th,I want her dad to die! She can think whatever she wants,0.9430229664,0.1048219502,0.1155604869,0.8503335714,0.1671803445,0.0646033436
t2_hzdlf,"They want you dead regardless.  
  
They want you dead. They want your wife gangbanging blacks for drug money. They want your kids chopping off their genitals and committing suicide.   
  
And they think it's funny.",0.9724116325,0.2055694014,0.403980881,0.8504431844,0.5638630986,0.5616077185
t2_2yajktuk,How are u so sure other countries kill you guys off first,0.9434102774,0.1055976897,0.1152224243,0.8504900336,0.184548527,0.1078561321
t2_nebj9,Looks like you‚Äôll die at night,0.93934834,0.1103264242,0.1010439172,0.8505657911,0.2240821421,0.0536391661
t2_eabp9y3,You look like you‚Äôre about to die man lmao,0.962872386,0.1336692423,0.1596847773,0.8506026864,0.3671918213,0.0527301431
t2_4xlw2x2z,"If you do not heed my warning foolish mortal, you will suffer a thousand deaths",0.9300134778,0.1004828215,0.0837311819,0.8509804606,0.2127316892,0.0521355644
t2_fq2iu,I will hunt you down and eat you,0.8641014695,0.1036528498,0.0604695864,0.8510451913,0.1005356535,0.042866338
t2_1bggfqmh,"I die
I die
I die
I die
I die",0.9137918353,0.1376975775,0.1137282178,0.8510844111,0.1097739264,0.0435835943
t2_50lx57lx,"If you dont get a boner, you'll get raped somewhere else... if you understand what i mean",0.9377254844,0.0994778201,0.1117044613,0.8511263728,0.1839722097,0.0677035078
t2_amj99,they should kill poachers with drones,0.9466100335,0.1238267124,0.0935883448,0.8511678576,0.1814991534,0.1079792678
t2_3qwp8i6e,Killing yourself with the intent to kill yourself,0.9186952114,0.1182732135,0.1004605815,0.851170063,0.1490727812,0.0391256623
t2_f79x5,This guy should honestly just be shot in the face and left for dead in a ditch,0.8955245614,0.0864932612,0.0798768997,0.8511736393,0.12086384,0.0466738753
t2_4ihu77zz,I hope keemstar goes blind and deaf,0.9040957093,0.1011954397,0.0571439452,0.851267755,0.1683651656,0.0791111439
t2_vkcy2lk,"Le you're ugly, you're disgusting, i hate you, I'm going to kill you, give me 500 dollars has arrived",0.9865256548,0.2726590037,0.4213956296,0.8513204455,0.6696239114,0.0768417493
t2_e9zea,Mexico? They'll just cut your head off.,0.8953078985,0.0808622912,0.062020611,0.8514234424,0.0980391502,0.1279216558
t2_1ol42i2h,'Do not reach to the small of your back or I will kill you',0.8937209845,0.1025347561,0.0775010362,0.8514270782,0.1151174158,0.0473062992
t2_bm122,"As always, death to Israel inshallah",0.9088587165,0.1070144847,0.0629703999,0.8514909744,0.1178556234,0.2425268292
t2_26ryhk7z,"No sympathy for him. Imo he should face the same fate he gave - if you‚Äôre old enough to kill, you‚Äôre old enough to be killed.

Death to all fascists.",0.9566454887,0.1125499383,0.1156764999,0.8515189886,0.3486138284,0.1852392852
t2_yt545ho,"TR3YWAY THESE NIGGAS SAY THEY HEARD OF ME, I AINT HEARD OF YOU, GET THE FUCK UP OUT MY FUCKIN FACE FORE I MURDER YOU",0.9985041618,0.8771543503,0.9886348248,0.8515443206,0.9765180945,0.916245997
t2_36bkxtid,"We all die, you either kill yourself or get killed.",0.895237267,0.1110943481,0.0706577897,0.8518206477,0.1219451949,0.0675261244
t2_325uueq3,Man he needs to die in a fire,0.954544723,0.1236272305,0.1081538349,0.8518221974,0.212202251,0.1035859063
t2_11vg5vc2,And landlords should die,0.9034301043,0.0961433575,0.0640308335,0.8518651128,0.1206815317,0.0726870745
t2_zubo1,"You deserve to be banished.
You deserve to be banished.
You deserve to be banished.
You deserve to be banished.
You deserve to be banished.
You deserve to be banished.
You deserve to be banished.
You deserve to be banished.
You deserve to be banished.",0.95255512,0.1067696512,0.1136005968,0.8519176245,0.3042559624,0.1325803995
t2_3oo8tq8w,I'm going to cut 2020's genitals and feed him with them if this bloody happens,0.9106245637,0.1117645577,0.1079611853,0.8519518971,0.1027913392,0.0503954701
t2_pjpdls1,There can be not a single concession to fascism. Give a nazi your hand and he will take our entire arm and beat someone to death with it.,0.9064196348,0.1060176343,0.0689066425,0.8520828485,0.1342318356,0.3178105056
t2_jbap6,"You piss off a poor man: he'll just kill you.

But you piss off a rich man?
He'll kill you all the same, but once he's done, he'll go after what's left of you.",0.9895220399,0.2326424867,0.6540259123,0.8521403074,0.7045562863,0.0845477656
t2_x3yg2fg,Try killing more people and we may put you in the next one,0.9260810614,0.1042094976,0.0805574283,0.8521715403,0.1565639824,0.0632746145
t2_sshe5,I'm going to bang your future mother...,0.936267972,0.100704141,0.1505669653,0.8523239493,0.1944345534,0.0318814404
t2_3c7uy2o9,Yayyyy we can kill future children yayyyyyyyyy,0.9544096589,0.1278854012,0.1151051968,0.8523379564,0.2221862972,0.0853870213
t2_37j1z51s,Then I‚Äôm gonna have to kill more people,0.8987600803,0.1012282744,0.0737915859,0.8523679376,0.0908379182,0.0584041961
t2_bbp8f,So you want me to be subservient to humans in exchange for a pittance? I'm going to enjoy killing you and burning your village to ash.,0.9079326987,0.0861783028,0.0741959736,0.8523716331,0.1248924136,0.048291035
t2_y978y,"Eww, refer to me as a disgusting subhuman Celt again and I'll blood eagle your mother.",0.9616948366,0.1103077531,0.1989124566,0.8524033427,0.2865972221,0.053105291
t2_3ptwpz2p,Yea they are going to cut out your kidney and sell it if you go.,0.9128030539,0.0928563997,0.0761375949,0.8525767326,0.145481348,0.0752471313
t2_20oo0zmv,I hope she gets cancer and dies. I hope no one funds her funeral and she gets buried in a box,0.8937903643,0.1009377465,0.0577664115,0.852578938,0.1302963495,0.0744334832
t2_14xtr2,Hopefully he‚Äôll kill all those nazis living on the dark side of the moon while he‚Äôs there.,0.9266173244,0.1220956519,0.0630209073,0.8526646495,0.140296489,0.2137503773
t2_bl5hg,He needs to die and quick,0.9197556973,0.1024090871,0.0788204297,0.8526812196,0.1319644153,0.0622724555
t2_o0i73,Plenty of people deserve to die.,0.9293023944,0.0918247178,0.0757657364,0.8526886106,0.1549783796,0.1391935647
t2_510x2m1q,DEATH TO THE WASP SCUM,0.986712575,0.244570449,0.6366555691,0.8528059721,0.7507213354,0.1212766096
t2_8zzyi,They should be burned alive.,0.8609565496,0.085309267,0.0420505926,0.8528282642,0.0812894702,0.1119754538
t2_13cv98,Dying because you‚Äôre involved with a violent gang =! raped and killed for no reason,0.9836524725,0.1973547041,0.3004647195,0.8528302312,0.495851934,0.1369572282
t2_3bnxx8q,"Also if you‚Äôre Uyghur or HKer you‚Äôll literally be exterminated

Source: my ass",0.9951425791,0.4718507528,0.9309663177,0.852920711,0.8521220088,0.2208992839
t2_ovtzy,"*We should join united front to kill all fascists.*

Makes sense.

*Then, we kill you.*

Makes sense.",0.9321274161,0.0995925888,0.0806070641,0.8529521823,0.1817147732,0.1853277981
t2_3izf5goh,If a real Italian read this sentence they‚Äôd probably punch you in the balls,0.9468792677,0.1134883463,0.1585195065,0.8530508876,0.2174261808,0.2095670104
t2_krhmc,"If you're white and use your gun to defend yourself, you'll be arrested as a racist and get life in jail.",0.9718254805,0.2010143399,0.2081509531,0.8531213403,0.5093095303,0.6441327929
t2_1kc8atsn,You are sentenced to death for being a femboy,0.9476981759,0.1038869321,0.1491973996,0.853133738,0.3584746718,0.072284162
t2_4bpmxpo9,No the ‚ÄúI‚Äôm gonna kill you‚Äù is him I think,0.8915169239,0.0852962732,0.0936467573,0.8532209992,0.1171632856,0.0305184256
t2_3snl1mpe,I hope you go too hell and get your tortured for all eternity and as you ask why satan shows you this comment,0.9607291818,0.1312965453,0.1309969425,0.8532957435,0.2917641997,0.1050517112
t2_3bt8hgc6,OI YA SHAMEFUL GITZ! IT IZ PRONONCE! SAY IT RIGHT NEXT ‚ÄòIME! DO IT OR I‚ÄôLL BLAST YA HEAD OFF WITH MY SHOOTA!,0.9633144736,0.1166394576,0.2014334649,0.853307724,0.383097291,0.0890811309
t2_2uaajoua,MIKU BE CAREFUL THEY GONNA SPAWN KILL YOU,0.9102113843,0.0993317142,0.0800427049,0.853412509,0.1417155266,0.054452002
t2_nebj9,"HE SHOULD BE ARRESTED!!!!

Let‚Äôs riot and burn the city!!!",0.9314532876,0.1462958008,0.0708362535,0.8534591198,0.1190967336,0.196560815
t2_ukglw,Definitely. We should kill all of them,0.9014040232,0.0945251361,0.0678167641,0.8537585735,0.1035572588,0.0813810006
t2_1chyqiyr,Or they could die and Madi will be left there forever and starve to death,0.9065982699,0.111949563,0.0622093342,0.8539648652,0.1412854195,0.0895172879
t2_261pcs4c,The PETA militia will murder you,0.8908846378,0.096450679,0.0613546073,0.8540065289,0.116392605,0.0616761222
t2_1kc8atsn,I will beat you with my shoe alb*nian,0.9340025187,0.1125509441,0.1279287189,0.8540562391,0.1770069599,0.0557768792
t2_9wwm3,Any wizard who can't beat a dumb barbarian deserves to die.,0.9692988396,0.1398833692,0.1692378372,0.8541071415,0.4010750353,0.2671169341
t2_15flkf,Because she killed the man and I HOPE SHE BURNS IN HELL!,0.9178681374,0.099540174,0.0994187593,0.8542965651,0.1336427331,0.041682817
t2_4ohnkzbs,Hope u get aids and die,0.9625205398,0.1691313237,0.1159522608,0.8543092608,0.3038448989,0.1442894191
t2_1ilus42l,Authright its 4pm time for everybody to kill and die over a patch of sand in literal bum fuck Egypt,0.9970645308,0.6561831236,0.9643677473,0.8543495536,0.8979334235,0.6257326007
t2_8br1y,"I'm gonna strap you down and floss your teeth with my scrotal hair, you stupid little weasel.",0.9897706509,0.3323354423,0.6852209568,0.85435462,0.7532374859,0.0669617802
t2_2pyam958,i'm gonna kill him myself,0.8706002831,0.1007580161,0.0771085545,0.8543891311,0.0816781521,0.0402306505
t2_k3b30o,You deserve the gas chamber you scum bag. I hope they drag you off first,0.99237293,0.3475555182,0.8103426695,0.8544691205,0.8753042817,0.1293476373
t2_3pnqhi3p,we'll kill him last,0.8605891466,0.0982901528,0.0630648285,0.8544778228,0.0753376633,0.0498128943
t2_353m01zp,"‚ÄúOh slave! Slave! Come here and make me some snacks or I will kill you and your family! Also, you should be thankful to have this job!‚Äù

‚ÄúYes, master...‚Äù",0.9616176486,0.1101405099,0.1591193676,0.8545209169,0.3468562663,0.1727955937
t2_3ps8nux0,Atleast you will die ùì¢ùì±ùì≤ùì∑ùìÆùîÇ,0.902400732,0.1072230935,0.0723627135,0.8546102643,0.1300111562,0.0574319176
t2_2mx9b4bs,I would pay an assassin to kill the bourgeoisie,0.8604454994,0.0773588419,0.056180276,0.8546110988,0.0805909261,0.0703935251
t2_3rejbo0k,They deserve to go to jail.,0.9409627914,0.1100256741,0.1054139212,0.8546483517,0.245067507,0.2749862671
t2_102q28,Flair up or I‚Äôll use that powerful military to kick your unflaired ass over the border,0.9916571379,0.3610192239,0.8650228977,0.8546826839,0.7279617786,0.0672475174
t2_37j1z51s,Kill them. Kill them now,0.929415822,0.1242730245,0.0884062201,0.8547805548,0.1249528974,0.0790014341
t2_37j1z51s,Kill them. Kill them now,0.929415822,0.1242730245,0.0884062201,0.8547805548,0.1249528974,0.0790014341
t2_37j1z51s,Kill them. Kill them now,0.929415822,0.1242730245,0.0884062201,0.8547805548,0.1249528974,0.0790014341
t2_20nigjvk,"Die

Die

or Die",0.8938884735,0.1243593022,0.074930191,0.8549052477,0.1099506542,0.0643715262
t2_4d5nhzpk,Kill or be killed,0.8703593612,0.1079598665,0.0675328523,0.8549254537,0.0840073079,0.0567353554
t2_z571n,kill or be killed,0.8703593612,0.1079598665,0.0675328523,0.8549254537,0.0840073079,0.0567353554
t2_23sp0qki,I hope he gets the most painfull death possible,0.8898448944,0.0996344611,0.0646357164,0.8549494743,0.111471355,0.0530912764
t2_6a8btxm,"I listen to Mc Vagina killing people while I kill people

With guns",0.9953399897,0.4640543759,0.8892681003,0.8549968004,0.6976199746,0.2306041569
t2_7fjqu,If they die they die,0.9039407372,0.1256753504,0.0652616918,0.8550210595,0.108679682,0.1066891849
t2_3yqm8,Yeah but then the good guys win and rape you to death and occupy your nation indefinitely.,0.9275345802,0.0962694138,0.0973741561,0.8550461531,0.1453674436,0.1564247906
t2_3uh7wf,"If they catch you, they will kill you",0.8570201993,0.098800905,0.0588574708,0.8551653028,0.0881586075,0.0589184426
t2_6s8gf,DEATH TO THOMAS!,0.8846131563,0.1051167324,0.0627316087,0.8552721739,0.0956062898,0.0652732402
t2_1kq7ooh,I hope you get the virus and die choking for air tbh. You would deserve. It. People like you are a cancerous tumor that needs to be cut out.,0.970169127,0.1420959532,0.2109044492,0.8553832173,0.4931055903,0.0603439957
t2_chxwivz,"I hate this mother fucker with all my black heart and soul, I hope he dies a painful 36 year death.",0.9964421391,0.6200467944,0.9633532166,0.8553833961,0.8852232099,0.2478542179
t2_4hbx5fjh,First you need to murder all your family and friends,0.9292113781,0.1108016074,0.083980456,0.855387032,0.1698221713,0.0599197522
t2_el525,"Once again, Death to America",0.9071403742,0.1056530327,0.0579763278,0.8554756641,0.1017080173,0.1313045472
t2_6f2v9q8,To rape and murder whoever they please,0.9208896756,0.1156063527,0.0925507471,0.8555258512,0.1043121964,0.095838584
t2_41aw5kji,Then you die,0.9187002778,0.1216527894,0.0940290913,0.8555279374,0.1589624435,0.0423112884
t2_1xog6as5,I hope he gets beat up,0.8696567416,0.1005586535,0.0539352149,0.8556501269,0.0886074826,0.0746935159
t2_s424m1v,I will harvest your organs,0.9096348286,0.1083130538,0.0989011303,0.8556565046,0.1397514343,0.0337742306
t2_bn5tl,"If your vending machine is filled with civil war suits, dirty white asylum dresses and non-legendary weapons then no, I will not be closing your doors. I'm going to eat your damn tatos and kill your cow, too.",0.9822506309,0.1855078042,0.5752770901,0.8556675911,0.5448479652,0.1178966612
t2_6hxu2,*You will die,0.8908709884,0.1144550592,0.0733819529,0.8556913137,0.1249233186,0.0564690158
t2_25sfnl8h,i will beat you with a chainsword you dirty space weeb,0.9659603238,0.1463438421,0.2606309056,0.8557766676,0.3612022102,0.0401835442
t2_15oeh1,Think carefully. Accuse me of raping kids and I'm gonna rape you like I did all those kids.,0.9613711238,0.1114682928,0.1968616545,0.855863452,0.2510059178,0.1194677427
t2_8be241o,"Die tomorrow, and you may die tomorrow",0.8982657194,0.1061396822,0.0702158585,0.8559597135,0.1284592301,0.0715816095
t2_j33gdn,All redditors should be round up into camps and killed,0.9027997851,0.1261000037,0.0537038408,0.8559772372,0.133372426,0.2982669771
t2_4cc8l4ug,People like this don‚Äôt deserve to see that light of day ever again. They should be beaten to a bloody pulp and be forced to live out the rest of their lives rotting in a cell,0.9206810594,0.0903871804,0.0658721551,0.8559880257,0.1665256023,0.1536794156
t2_dfryr,"Chuds: Don't punch Nazis

Also Chuds: If someone was stealing from my car I will murder them.",0.949141562,0.120904088,0.1185615882,0.8560338616,0.1968518794,0.1948272735
t2_15zwca1f,They are absolute bastards and will rip your face off given the chance,0.9942644238,0.390201062,0.8486109376,0.8560556173,0.8402785063,0.1631056368
t2_motft,"Because when you rape, murder, and torture a kid for months on end until they die (or do the above at all), you deserve to die yourself. But please tell me why a child rapist, murderer doesn‚Äôt deserve to die",0.9729358554,0.1370646358,0.2628978193,0.8560714126,0.4868842065,0.1446885318
t2_wz419,But these bones‚Äôll kill ya,0.8882825971,0.099980168,0.0703581423,0.8561165333,0.1121805683,0.0491997786
t2_2ruslc06,I hope all the anti vaxxers die horribly.,0.903113544,0.1000485271,0.0635391399,0.856198132,0.1163893119,0.0758453757
t2_3c7uy2o9,You should Be a dog and go for the kill,0.9643597603,0.1319423467,0.194491148,0.8565034866,0.4391251504,0.0723156333
t2_lhsfc,"""If black people did this theyd be shot!!1!1""

Shut the fuck up now",0.9975445867,0.7743065357,0.9764711857,0.8565098047,0.8943868279,0.8697392344
t2_4hwl1abd,Upvote or I'll shoot you,0.8992940784,0.0993527919,0.0772552192,0.856589973,0.1195555702,0.0612724125
t2_17dfy0ps,I will murder your family friend!,0.8763617873,0.0896194577,0.0679092631,0.8566441536,0.0979407206,0.0451637469
t2_34ctdura,You die,0.9273230433,0.1302356571,0.1123802289,0.8566952944,0.189404577,0.0364917442
t2_6d8rt,You die,0.9273230433,0.1302356571,0.1123802289,0.8566952944,0.189404577,0.0364917442
t2_10ac28,pedo die die die,0.9778066278,0.2055665553,0.1945553571,0.8567420244,0.3965012729,0.1860562861
t2_4enjectw,Kill Your Mother.,0.9598129988,0.1367123425,0.1752925366,0.8567939997,0.2791855633,0.0503522679
t2_44rm76,Your entire family will be sacrificed to Satan,0.9524386525,0.136889115,0.0860423669,0.8569497466,0.2318851352,0.1560618281
t2_3aagnyvh,I am once again asking you to DIE BY MY HAND,0.8946316242,0.0949945152,0.0823041052,0.8569567204,0.106378004,0.0423416123
t2_16sb9fjd,"""I hope your kids die of AIDS!""",0.9442487955,0.1299314201,0.0889438987,0.8569711447,0.2372903228,0.1301314086
t2_13g92sta,Please go die in a fire,0.9526125789,0.1309107393,0.1116637066,0.8570097089,0.2464698702,0.066957809
t2_3kl3rdh8,607 people want to die by a gun,0.9532392025,0.1324603707,0.1254684776,0.8571087122,0.177017346,0.1949902624
t2_dd1ol,Your really confident it wont be your wife/mother/daughter that gets raped and murdered ‚Äúfor the greater good‚Äù.,0.9214434028,0.0897192582,0.0859417617,0.8571232557,0.1747521609,0.0593828596
t2_8ehcb8n,They would kill you before you even got the chanceüòÇ,0.8987688422,0.1022876352,0.0779602379,0.8572939634,0.1198609546,0.0452966429
t2_25z2n57,"I will massacre all G*mers on June 20tg

-Xi Jin pIng",0.9468438029,0.1268191487,0.1129407957,0.85733217,0.1684991568,0.1489655972
t2_146avx,Death to all wh*te people,0.9832053781,0.2456036955,0.5429119468,0.8573769927,0.3624102771,0.0634434894
t2_45xke,I hope all those Germans are rotting in Hell.,0.9823280573,0.2966192067,0.3588837683,0.8574204445,0.5811294913,0.7837558389
t2_c4f85,"*but I can kill you if you're on my private property*

* cons",0.9374776483,0.1196579039,0.1474351138,0.8575072885,0.1861644834,0.0379325524
t2_32xd9krk,"Punch yourself in the gut

Otherwise man up and stick your fingers down your throat",0.9508948326,0.1369670928,0.1643397063,0.8575173616,0.213556096,0.0418645926
t2_3snmd8cl,I seriously hope these people just die,0.8916056752,0.0859157294,0.0577889234,0.8575381637,0.1004630327,0.0844700187
t2_5gvk7,"If you cross them, they'll shoot you with guns your taxes paid for.",0.9084832072,0.0959936455,0.0828412622,0.8575447202,0.1214000583,0.07561858
t2_2huwtgu4,cry while we punch you in your face and steal your phone,0.9653942585,0.1771023124,0.2246892005,0.8577914238,0.2771978676,0.0433485247
t2_15r9fjr6,"You're on the subs ban pitbulls and pit bulls hate. There's no talking to you. Think whatever you want dude. My dogs are never on leashes. The worst they'll do is lick you to death. They're terrible guard dogs. I must be getting defective dogs since they're not trying to kill me. If you shoot someones dog because they come up to you, you're going to get shot.",0.962444663,0.1123794019,0.2408208996,0.8578838706,0.3370927274,0.0646927282
t2_1kc8atsn,Surrender your testicles within 30 seconds or we will open fire,0.9834317565,0.2231176049,0.4146184325,0.8579257727,0.4700973034,0.0870175809
t2_1kc8atsn,Surrender your testicles within 30 seconds or we will open fire,0.9834317565,0.2231176049,0.4146184325,0.8579257727,0.4700973034,0.0870175809
t2_3qmz8022,Hope she gets skinned alive i wanna see her fucking head on a pike,0.9958301187,0.6620256901,0.9664358497,0.8579324484,0.801124692,0.1091492847
t2_cpm7u,If you dont make the 6 foot cutoff point you are subhuman and deserve to be shot.,0.9476804733,0.1002287045,0.1338244826,0.8580137491,0.3158649504,0.0545278788
t2_849gf,I hope you go to prison when you inevitably kill an innocent protestor by plowing your car thru them,0.9052406549,0.0970008969,0.0664811805,0.8581545353,0.1326436102,0.0815198645
t2_m1unb,They‚Äôre gonna get killed in prison,0.8889296651,0.1026161537,0.05678856,0.8582965732,0.0914760381,0.1036582738
t2_e8n6l41,"You kill me your betta, I kill you I‚Äôm betta",0.9433296323,0.1348744333,0.152957648,0.8583165407,0.2132440209,0.0365893207
t2_534iim11,If I knew you in real life I would punch you in the face,0.8970412016,0.0894271657,0.0862041786,0.8583183885,0.1315959543,0.0402123556
t2_175v2j,I hope these 3 police officer get a terrible disease and die a slow and painful death.,0.9067047238,0.1008708626,0.0631520376,0.8583523631,0.1619308591,0.0913764834
t2_34ctdura,I‚Äôll probably start killing people,0.894618988,0.1083885506,0.0733583868,0.8583798409,0.0936196968,0.0545746833
t2_1i8czd2p,"All these guys are now probably being investigated.

I hope they burn in the same hell as the terrorists they fought",0.9260897636,0.0932098776,0.0830203518,0.8583909273,0.154838711,0.1243984848
t2_fn9cb,"Doesn‚Äôt matter, you stab someone in attempt to murder, you deserve to die!",0.9355805516,0.1035757065,0.1147835255,0.8584189415,0.1906489134,0.046173472
t2_112rtbmv,Because people are stupid and those stupid people get shot,0.9936240911,0.4019756019,0.6348298788,0.8585172296,0.8604704738,0.2441660464
t2_9oj6k,Haha Yoshi is gonna die,0.9370120764,0.1178836226,0.1008686572,0.8585320115,0.1867945492,0.0768421814
t2_q7fha,"üòÖüòÖüòÖ 

Stop posting or he's going to kill you",0.9054306149,0.1249460503,0.0858668685,0.8585657477,0.1319539249,0.0579106696
t2_3b6l7,Yeah look at those dumb dumbs that want to make money to pay their bills... they are the threat I hope they die.,0.9872114062,0.2406796515,0.5191597939,0.8585790992,0.792683959,0.1611284912
t2_1sp13nzr,Bolsanaro should be the first leader to die,0.87968117,0.0979711562,0.0524812192,0.8586981893,0.10736873,0.1102841422
t2_bl5hg,what happens if I want to kill you,0.897798121,0.106122084,0.0857412517,0.8587275743,0.1179026812,0.0417632498
t2_97qr4,You literally used n***** a bunch of times in your account you deserve to be shot,0.9677699804,0.1368343085,0.2493282109,0.8588268161,0.3744697571,0.0504411869
t2_zelor,I hope he burns in hell.,0.9080793262,0.1019930914,0.0826753899,0.8590047359,0.1224010214,0.0498719737
t2_u9oxn,I will kill you and ride straight to emerald ranch to pay the bounty idgaf.,0.8892095089,0.0767658502,0.071726501,0.8590656519,0.1169083193,0.0564411432
t2_xkvzj,I will rape Elon Musk,0.9050834179,0.1095676497,0.0973062366,0.8590766191,0.0911535695,0.0603401698
t2_dcv09,Die! Die! Why won't you die!?,0.9172356725,0.1210414991,0.0865260288,0.8591057062,0.1437640935,0.0717931241
t2_ec96k,"If you murder 3 of your own children I hope you‚Äôre in hell. 

Keep making excuses if you want",0.9543453455,0.1152835414,0.1479710639,0.8591609001,0.2869943082,0.0470280275
t2_1kq7ooh,I hope brick thrown by a rioter goes through your window and hits you in your empty fucking head.,0.9940710664,0.5550341606,0.9277311563,0.8591963649,0.7734689713,0.0850949809
t2_diu9e,If I were PCG I'd burn your house down again too,0.9059719443,0.0965633914,0.0764948502,0.8592261076,0.121358566,0.0642455518
t2_3aagnyvh,‚ÄúI am going to steal your clients and then I will kill them in front of you‚Äù,0.8957012892,0.0996917561,0.0868195221,0.8592457771,0.1041029394,0.0425801948
t2_1iha37c6,i hope everybody dies,0.8943801522,0.1067725867,0.0609820858,0.8593437076,0.1068276167,0.0777708367
t2_bbsyzc5,you do get shot to death for being Palestinian and throwing rocks though,0.9611127973,0.1866061985,0.1413934976,0.8594229221,0.3926573396,0.5067561865
t2_d35c7,IM AS HIGH AS HELL AND YOURE ABOUT TO GET SHOT,0.9501829147,0.1322687268,0.1553994715,0.8594432473,0.2415857762,0.0453498438
t2_1zlvqmaf,Call him Billy B again and he will beat you to death with his drum sticks,0.9059556127,0.0927434936,0.0749571174,0.8595713377,0.1312479526,0.0661324784
t2_u0vg3,I will take my 153 with ap20 and kill you,0.9153869748,0.1102632359,0.100067459,0.8595743179,0.1422108561,0.045121856
t2_2iqajmfb,"He‚Äôs so romantic, get you a man who‚Äôll drive a truck into a brothel so he can try and kill you.",0.9650098681,0.1182556823,0.2087917179,0.8595805764,0.3165223897,0.0703511462
t2_1kc8atsn,If you tell people to go there you go to hell before you die,0.9642506242,0.1516952664,0.1776894331,0.8596047163,0.3383466005,0.049183052
t2_1hkii9j,Infant rape?? This dude needs to be tortured to death not given a prison sentence,0.9822580218,0.2077345401,0.4704169631,0.8597197533,0.5346535444,0.193785131
t2_4ade2oiv,I will rip you in half,0.8801004887,0.1124501228,0.0832595602,0.8597860336,0.1127080172,0.0338346213
t2_3q4fs8ab,Rape the children and kill the women,0.9712896347,0.2423768938,0.1965873092,0.8598353863,0.2284007818,0.3885296285
t2_36w7takw,"""They deserve to be annihilated"" and you deserve to be catfished",0.8898057342,0.0998708084,0.0664368942,0.8598476052,0.1071243659,0.0580188595
t2_154q1o,we are going to kill every santa denier,0.8932595849,0.1060272381,0.0559693426,0.859896183,0.0956160426,0.1009902582
t2_huh2r,"Yes, but I‚Äôll be shot for being considered a liberal after a glorious global communism is established, and you‚Äôll be shot very early on in the process because you‚Äôll be playing with your dads handgun and accidentally shoot your dick off and bleed out.",0.9877198339,0.2545218766,0.7633004189,0.8599016666,0.6282084584,0.0907769948
t2_167nko,I would kick you,0.9169274569,0.1022512764,0.0950323492,0.8600447178,0.1471007764,0.047428105
t2_rjjhe,I will personally destroy all g*mers,0.9537904263,0.1344068944,0.1183542162,0.8602801561,0.1828725189,0.1409965754
t2_36eh9q2l,buh bye honey ur very nasty and ur gonna die lmao,0.9631229043,0.1478351653,0.1797594875,0.8602807522,0.3086920977,0.0567919202
t2_11txc4,I am going to beat you to death.,0.8377742171,0.0906690583,0.0604050457,0.8603183627,0.0794871822,0.0482814759
t2_f3tig,Get a UTI and you‚Äôll pee blood,0.965778172,0.1488706023,0.1885048151,0.8603922725,0.3349485099,0.0622355863
t2_q31zk,I hope they all choke on their own lung fluid,0.9513465762,0.1256792247,0.1255702227,0.8604359627,0.2234061509,0.0670535862
t2_vcu8d,Lol i hope all your white imperialist shit holes burn in hell.,0.9942998886,0.4945212901,0.8922325373,0.8604432344,0.8643975258,0.7316134572
t2_10bz2k,You should be hanged,0.8950284123,0.0886541381,0.0601948798,0.8604599833,0.1309409738,0.0921531469
t2_1boot3v9,That‚Äôs one way of getting yourself raped and killed anywhere in the Middle East.,0.9547328949,0.1233071163,0.186660096,0.8605055213,0.2673178613,0.2055511624
t2_s0bn6,Death to the Democratic party. Death to neoliberalism.,0.9210683703,0.1192605942,0.072614789,0.8605143428,0.1335613877,0.1196258962
t2_4seqf2us,You will die with us,0.889298141,0.1019678488,0.0684304312,0.8605561256,0.1141238362,0.0517038852
t2_4e3zaqf6,death to g*merikkka,0.9072523117,0.127123028,0.0796150789,0.8606274724,0.1185345948,0.0824850798
t2_dkp7ooi,"Republicans tear apart unions every chance they get and spit in labor rights and workers every chance they get

They‚Äôre all duplicitous and pretend to be on your side so they can stab you in the back with your own knife",0.9644975066,0.1523830742,0.1480597407,0.8607228398,0.2801453471,0.304643482
t2_8wq7j,"""just because I don't care if minorities die dosent mean I'm gonna murder them personally!!""",0.9562419653,0.1628754288,0.1693199426,0.8607485294,0.2364865988,0.4768975079
t2_cfa7d,"Maybe someone should choke you and your immediate family to death, see how you like it",0.9395102262,0.1146621704,0.1225902736,0.8608617783,0.2279286087,0.0447607227
t2_9zin5,All pedias should burn in hell,0.9628700614,0.1557808071,0.1618041247,0.8608840108,0.2553096712,0.0649766251
t2_m6z3o,Death to capitalism,0.9287036657,0.1241015568,0.0739348531,0.8610258698,0.1461134106,0.1268963218
t2_hla4b,death to capitalism,0.9287036657,0.1241015568,0.0739348531,0.8610258698,0.1461134106,0.1268963218
t2_kmjmpf,Death to capitalism,0.9287036657,0.1241015568,0.0739348531,0.8610258698,0.1461134106,0.1268963218
t2_106bbf,Death to capitalism,0.9287036657,0.1241015568,0.0739348531,0.8610258698,0.1461134106,0.1268963218
t2_n3wts,death to capitalism,0.9287036657,0.1241015568,0.0739348531,0.8610258698,0.1461134106,0.1268963218
t2_8ux9e,Death to capitalism,0.9287036657,0.1241015568,0.0739348531,0.8610258698,0.1461134106,0.1268963218
t2_4cc8l4ug,I hope all pedophiles experience an extremely excruciating death,0.9617392421,0.1518933475,0.1080100238,0.861069262,0.3136628866,0.1864998639
t2_4urtthwy,"When you raid: ""You're ugly, you're disgusting, I'm going to kill you. Give me 200 dollars.""",0.9745028019,0.1587009579,0.2561748624,0.8611254692,0.4823670387,0.0581784099
t2_sshe5,They will kill you.,0.8729313016,0.0995072052,0.0641019419,0.8611912131,0.0978899226,0.0585125536
t2_38eds98p,Bro your family deserves to be shot for messing up ussr,0.9399681687,0.1104378253,0.1029292941,0.8612038493,0.2056266963,0.149940446
t2_19yfde08,Sign my petition or I'll follow you home and kill your dog.,0.9012264609,0.0910194069,0.0770373717,0.8612538576,0.1368775368,0.0590947606
t2_15sx5f,"I'm going to drag you beneath the Earth and subject you to 12,000 years of horrific torture",0.9174699187,0.1212414131,0.0903876722,0.8613125682,0.1455494016,0.0465293042
